Risk ID,Risk Description,Probability,Impact,Mitigation,Owner,Status
R0.1,Delay in GitHub project board setup,Low,Medium,Use backup manual tracking in Excel,Senior Architect,Open
R0.2,Slack/Discord workspace not available in time,Low,Medium,Prepare Discord as alternative platform,Senior Architect,Open
R0.3,Lack of track lead availability for coordination,Medium,High,Assign backup leads for each track,Project Manager,Open
R0.4,Unclear track dependencies leading to blockers,Medium,High,Maintain dependency matrix and regular reviews,Senior Architect,Open
R0.5,Communication gaps between track teams,Medium,High,Enforce daily standup and async updates,Project Manager,Open
R0.6,Scope creep during track execution,High,High,Implement change control process,Senior Architect,Open
R0.7,Insufficient resources for concurrent track execution,Medium,High,Prioritize tracks and stagger start dates,Project Manager,Open
R0.8,Technical debt accumulation across tracks,High,Medium,Allocate 20% capacity for refactoring,Technical Lead,Open
R0.9,Integration failures between track deliverables,Medium,High,Define integration contracts early,Senior Architect,Open
R0.10,Team burnout due to parallel track execution,Medium,High,Monitor team capacity and adjust priorities,Project Manager,Open
R1.1,Foundation infrastructure delays affecting all tracks,High,Critical,Prioritize Track 1 and allocate additional resources,Senior Architect,Open
R1.2,Database schema design not finalized,Medium,High,Conduct schema review with all track leads,Track 1 Lead,Open
R1.3,CI/CD pipeline setup delays,Medium,Medium,Use manual deployment as fallback,DevOps Lead,Open
R2.1,Core platform architecture not scalable,Low,Critical,Conduct architecture review before implementation,Senior Architect,Open
R2.2,UI component library inconsistencies,Medium,Medium,Enforce design system and component standards,Track 2 Lead,Open
R2.3,API design misalignment with frontend needs,Medium,High,Implement API-first development with contracts,Track 2 Lead,Open
R3.1,AI model integration performance issues,Medium,High,Prototype and benchmark models early,Track 3 Lead,Open
R3.2,AI prompt injection vulnerabilities,Low,Critical,Implement input validation and sanitization,Track 3 Lead,Open
R3.3,Excessive AI API costs,Medium,Medium,Implement caching and rate limiting,Track 3 Lead,Open
R4.1,NCAA compliance rules change during development,Low,Critical,Implement flexible rule engine,Track 4 Lead,Open
R4.2,Compliance engine performance issues,Medium,High,Profile and optimize critical paths,Track 4 Lead,Open
R4.3,Incorrect compliance rule interpretation,Medium,Critical,Consult NCAA compliance experts regularly,Track 4 Lead,Open
R5.1,RBAC implementation complexity underestimated,Medium,High,Use existing auth library patterns,Track 5 Lead,Open
R5.2,Role definition conflicts with requirements,Medium,Medium,Conduct role modeling workshop,Track 5 Lead,Open
R5.3,Authentication provider limitations,Low,Medium,Plan for custom auth fallback,Track 5 Lead,Open
R6.1,Advising algorithm complexity,High,High,Implement ML advisor as phased approach,Track 6 Lead,Open
R6.2,Course data integration issues,Medium,High,Establish data integration contracts,Track 6 Lead,Open
R6.3,Conflict detection false positives,Medium,Medium,Implement tuning and feedback loop,Track 6 Lead,Open
R7.1,Study hall scheduling conflicts,Medium,High,Implement advanced scheduling algorithm,Track 7 Lead,Open
R7.2,Tutor availability tracking issues,Low,Medium,Design real-time availability system,Track 7 Lead,Open
R7.3,Peer matching algorithm bias,Low,Medium,Audit algorithm for fairness,Track 7 Lead,Open
R8.1,Report generation performance issues,Medium,High,Implement async report generation,Track 8 Lead,Open
R8.2,Complex compliance report requirements,High,High,Collaborate with compliance office early,Track 8 Lead,Open
R8.3,Report export format limitations,Low,Medium,Support multiple export formats,Track 8 Lead,Open
R9.1,Third-party API reliability issues,Medium,High,Implement circuit breakers and retries,Track 9 Lead,Open
R9.2,Integration security vulnerabilities,Low,Critical,Conduct security review of integrations,Track 9 Lead,Open
R9.3,API version compatibility issues,Medium,Medium,Implement versioning strategy,Track 9 Lead,Open
R10.1,Documentation lags behind development,High,Medium,Implement docs-as-code workflow,Track 10 Lead,Open
R10.2,Insufficient test coverage,Medium,High,Set minimum coverage thresholds,Track 10 Lead,Open
R10.3,E2E test flakiness,Medium,Medium,Use stable test patterns and fixtures,Track 10 Lead,Open
R11.1,Security vulnerabilities in production,Low,Critical,Implement security scanning in CI/CD,Track 11 Lead,Open
R11.2,Performance bottlenecks in production,Medium,High,Implement APM and profiling,Track 11 Lead,Open
R11.3,Scalability issues at scale,Medium,Critical,Conduct load testing before launch,Track 11 Lead,Open
R12.1,Deployment pipeline failures,Medium,High,Implement rollback procedures,Track 12 Lead,Open
R12.2,Monitoring blind spots,Medium,High,Implement comprehensive monitoring coverage,Track 12 Lead,Open
R12.3,Incident response delays,Low,High,Document and practice incident response,Track 12 Lead,Open
